{"cameraMode":{"drawMode":0,"name":"Shaded","section":"Shading Mode"},"sceneLighting":true,"audioPlay":false,"sceneViewState":{"showFog":true,"showMaterialUpdate":false,"showSkybox":true,"showFlares":true,"showImageEffects":true,"showParticleSystems":true},"in2DMode":false,"pivot":{"x":0.08580750226974487,"y":1.395050048828125,"z":0.37852004170417788},"rotation":{"x":0.5586646795272827,"y":-0.21734964847564698,"z":0.15461713075637818,"w":0.7853320837020874},"size":0.5572096109390259,"orthographic":false}